image_id,scene_name,scene_type,cluster_assignment,file_path
ai_008_009_cam_00_frame0000,ai_008_009,Kitchen,kitchen,scenes/ai_008_009/images/scene_cam_00_final_preview/frame.0000.tonemap.jpg
ai_002_005_cam_00_frame0000,ai_002_005,Kitchen,kitchen,scenes/ai_002_005/images/scene_cam_00_final_preview/frame.0000.tonemap.jpg
ai_012_001_cam_00_frame0000,ai_012_001,Kitchen,kitchen,scenes/ai_012_001/images/scene_cam_00_final_preview/frame.0000.tonemap.jpg
ai_046_008_cam_00_frame0000,ai_046_008,Kitchen,kitchen,scenes/ai_046_008/images/scene_cam_00_final_preview/frame.0000.tonemap.jpg
ai_042_003_cam_00_frame0000,ai_042_003,Kitchen,kitchen,scenes/ai_042_003/images/scene_cam_00_final_preview/frame.0000.tonemap.jpg
ai_037_005_cam_00_frame0000,ai_037_005,Kitchen,kitchen,scenes/ai_037_005/images/scene_cam_00_final_preview/frame.0000.tonemap.jpg
ai_043_005_cam_00_frame0000,ai_043_005,Kitchen,kitchen,scenes/ai_043_005/images/scene_cam_00_final_preview/frame.0000.tonemap.jpg
ai_012_004_cam_00_frame0000,ai_012_004,Kitchen,kitchen,scenes/ai_012_004/images/scene_cam_00_final_preview/frame.0000.tonemap.jpg
ai_002_006_cam_00_frame0000,ai_002_006,Kitchen,kitchen,scenes/ai_002_006/images/scene_cam_00_final_preview/frame.0000.tonemap.jpg
ai_045_006_cam_00_frame0000,ai_045_006,Kitchen,kitchen,scenes/ai_045_006/images/scene_cam_00_final_preview/frame.0000.tonemap.jpg
ai_030_003_cam_00_frame0000,ai_030_003,Kitchen,kitchen,scenes/ai_030_003/images/scene_cam_00_final_preview/frame.0000.tonemap.jpg
ai_043_003_cam_00_frame0000,ai_043_003,Kitchen,kitchen,scenes/ai_043_003/images/scene_cam_00_final_preview/frame.0000.tonemap.jpg
ai_037_001_cam_00_frame0000,ai_037_001,Kitchen,kitchen,scenes/ai_037_001/images/scene_cam_00_final_preview/frame.0000.tonemap.jpg
ai_022_010_cam_00_frame0000,ai_022_010,Kitchen,kitchen,scenes/ai_022_010/images/scene_cam_00_final_preview/frame.0000.tonemap.jpg
ai_015_001_cam_00_frame0000,ai_015_001,Kitchen,kitchen,scenes/ai_015_001/images/scene_cam_00_final_preview/frame.0000.tonemap.jpg
ai_045_010_cam_00_frame0000,ai_045_010,Kitchen,kitchen,scenes/ai_045_010/images/scene_cam_00_final_preview/frame.0000.tonemap.jpg
ai_046_002_cam_00_frame0000,ai_046_002,Kitchen,kitchen,scenes/ai_046_002/images/scene_cam_00_final_preview/frame.0000.tonemap.jpg
ai_042_005_cam_00_frame0000,ai_042_005,Kitchen,kitchen,scenes/ai_042_005/images/scene_cam_00_final_preview/frame.0000.tonemap.jpg
ai_015_003_cam_00_frame0000,ai_015_003,Kitchen,kitchen,scenes/ai_015_003/images/scene_cam_00_final_preview/frame.0000.tonemap.jpg
ai_030_010_cam_00_frame0000,ai_030_010,Kitchen,kitchen,scenes/ai_030_010/images/scene_cam_00_final_preview/frame.0000.tonemap.jpg
ai_030_001_cam_00_frame0000,ai_030_001,Kitchen,kitchen,scenes/ai_030_001/images/scene_cam_00_final_preview/frame.0000.tonemap.jpg
ai_043_007_cam_00_frame0000,ai_043_007,Kitchen,kitchen,scenes/ai_043_007/images/scene_cam_00_final_preview/frame.0000.tonemap.jpg
ai_048_006_cam_00_frame0000,ai_048_006,Kitchen,kitchen,scenes/ai_048_006/images/scene_cam_00_final_preview/frame.0000.tonemap.jpg
ai_043_004_cam_00_frame0000,ai_043_004,Kitchen,kitchen,scenes/ai_043_004/images/scene_cam_00_final_preview/frame.0000.tonemap.jpg
ai_027_003_cam_00_frame0000,ai_027_003,Kitchen,kitchen,scenes/ai_027_003/images/scene_cam_00_final_preview/frame.0000.tonemap.jpg
ai_017_010_cam_00_frame0000,ai_017_010,Kitchen,kitchen,scenes/ai_017_010/images/scene_cam_00_final_preview/frame.0000.tonemap.jpg
ai_051_001_cam_00_frame0000,ai_051_001,Kitchen,kitchen,scenes/ai_051_001/images/scene_cam_00_final_preview/frame.0000.tonemap.jpg
ai_045_008_cam_00_frame0000,ai_045_008,Kitchen,kitchen,scenes/ai_045_008/images/scene_cam_00_final_preview/frame.0000.tonemap.jpg
ai_002_004_cam_00_frame0000,ai_002_004,Kitchen,kitchen,scenes/ai_002_004/images/scene_cam_00_final_preview/frame.0000.tonemap.jpg
ai_001_005_cam_00_frame0000,ai_001_005,Kitchen,kitchen,scenes/ai_001_005/images/scene_cam_00_final_preview/frame.0000.tonemap.jpg
ai_048_007_cam_00_frame0001,ai_048_007,Kitchen,kitchen,scenes/ai_048_007/images/scene_cam_00_final_preview/frame.0001.tonemap.jpg
ai_043_002_cam_00_frame0000,ai_043_002,Kitchen,kitchen,scenes/ai_043_002/images/scene_cam_00_final_preview/frame.0000.tonemap.jpg
ai_003_006_cam_00_frame0000,ai_003_006,Kitchen,kitchen,scenes/ai_003_006/images/scene_cam_00_final_preview/frame.0000.tonemap.jpg
ai_004_008_cam_00_frame0000,ai_004_008,Kitchen,kitchen,scenes/ai_004_008/images/scene_cam_00_final_preview/frame.0000.tonemap.jpg
ai_008_002_cam_00_frame0000,ai_008_002,Kitchen,kitchen,scenes/ai_008_002/images/scene_cam_00_final_preview/frame.0000.tonemap.jpg
ai_015_004_cam_00_frame0000,ai_015_004,Kitchen,kitchen,scenes/ai_015_004/images/scene_cam_00_final_preview/frame.0000.tonemap.jpg
ai_016_006_cam_00_frame0000,ai_016_006,Kitchen,kitchen,scenes/ai_016_006/images/scene_cam_00_final_preview/frame.0000.tonemap.jpg
ai_021_008_cam_00_frame0000,ai_021_008,Kitchen,kitchen,scenes/ai_021_008/images/scene_cam_00_final_preview/frame.0000.tonemap.jpg
ai_001_010_cam_00_frame0000,ai_001_010,Kitchen,kitchen,scenes/ai_001_010/images/scene_cam_00_final_preview/frame.0000.tonemap.jpg
ai_006_010_cam_00_frame0000,ai_006_010,Kitchen,kitchen,scenes/ai_006_010/images/scene_cam_00_final_preview/frame.0000.tonemap.jpg
ai_008_009_cam_00_frame0050,ai_008_009,Kitchen,kitchen,scenes/ai_008_009/images/scene_cam_00_final_preview/frame.0050.tonemap.jpg
ai_002_005_cam_00_frame0050,ai_002_005,Kitchen,kitchen,scenes/ai_002_005/images/scene_cam_00_final_preview/frame.0050.tonemap.jpg
ai_012_001_cam_00_frame0050,ai_012_001,Kitchen,kitchen,scenes/ai_012_001/images/scene_cam_00_final_preview/frame.0050.tonemap.jpg
ai_046_008_cam_00_frame0050,ai_046_008,Kitchen,kitchen,scenes/ai_046_008/images/scene_cam_00_final_preview/frame.0050.tonemap.jpg
ai_042_003_cam_00_frame0050,ai_042_003,Kitchen,kitchen,scenes/ai_042_003/images/scene_cam_00_final_preview/frame.0050.tonemap.jpg
ai_037_005_cam_00_frame0050,ai_037_005,Kitchen,kitchen,scenes/ai_037_005/images/scene_cam_00_final_preview/frame.0050.tonemap.jpg
ai_043_005_cam_00_frame0050,ai_043_005,Kitchen,kitchen,scenes/ai_043_005/images/scene_cam_00_final_preview/frame.0050.tonemap.jpg
ai_012_004_cam_00_frame0050,ai_012_004,Kitchen,kitchen,scenes/ai_012_004/images/scene_cam_00_final_preview/frame.0050.tonemap.jpg
ai_002_006_cam_00_frame0050,ai_002_006,Kitchen,kitchen,scenes/ai_002_006/images/scene_cam_00_final_preview/frame.0050.tonemap.jpg
ai_045_006_cam_00_frame0051,ai_045_006,Kitchen,kitchen,scenes/ai_045_006/images/scene_cam_00_final_preview/frame.0051.tonemap.jpg
ai_030_003_cam_00_frame0050,ai_030_003,Kitchen,kitchen,scenes/ai_030_003/images/scene_cam_00_final_preview/frame.0050.tonemap.jpg
ai_043_003_cam_00_frame0050,ai_043_003,Kitchen,kitchen,scenes/ai_043_003/images/scene_cam_00_final_preview/frame.0050.tonemap.jpg
ai_037_001_cam_00_frame0050,ai_037_001,Kitchen,kitchen,scenes/ai_037_001/images/scene_cam_00_final_preview/frame.0050.tonemap.jpg
ai_022_010_cam_00_frame0050,ai_022_010,Kitchen,kitchen,scenes/ai_022_010/images/scene_cam_00_final_preview/frame.0050.tonemap.jpg
ai_015_001_cam_00_frame0050,ai_015_001,Kitchen,kitchen,scenes/ai_015_001/images/scene_cam_00_final_preview/frame.0050.tonemap.jpg
ai_045_010_cam_00_frame0058,ai_045_010,Kitchen,kitchen,scenes/ai_045_010/images/scene_cam_00_final_preview/frame.0058.tonemap.jpg
ai_046_002_cam_00_frame0050,ai_046_002,Kitchen,kitchen,scenes/ai_046_002/images/scene_cam_00_final_preview/frame.0050.tonemap.jpg
ai_042_005_cam_00_frame0050,ai_042_005,Kitchen,kitchen,scenes/ai_042_005/images/scene_cam_00_final_preview/frame.0050.tonemap.jpg
ai_015_003_cam_00_frame0050,ai_015_003,Kitchen,kitchen,scenes/ai_015_003/images/scene_cam_00_final_preview/frame.0050.tonemap.jpg
ai_030_010_cam_00_frame0051,ai_030_010,Kitchen,kitchen,scenes/ai_030_010/images/scene_cam_00_final_preview/frame.0051.tonemap.jpg
ai_010_002_cam_00_frame0000,ai_010_002,Bedroom,bedroom,scenes/ai_010_002/images/scene_cam_00_final_preview/frame.0000.tonemap.jpg
ai_001_006_cam_00_frame0000,ai_001_006,Bedroom,bedroom,scenes/ai_001_006/images/scene_cam_00_final_preview/frame.0000.tonemap.jpg
ai_017_006_cam_00_frame0000,ai_017_006,Bedroom,bedroom,scenes/ai_017_006/images/scene_cam_00_final_preview/frame.0000.tonemap.jpg
ai_007_008_cam_00_frame0000,ai_007_008,Bedroom,bedroom,scenes/ai_007_008/images/scene_cam_00_final_preview/frame.0000.tonemap.jpg
ai_035_010_cam_00_frame0000,ai_035_010,Bedroom,bedroom,scenes/ai_035_010/images/scene_cam_00_final_preview/frame.0000.tonemap.jpg
ai_048_009_cam_00_frame0000,ai_048_009,Bedroom,bedroom,scenes/ai_048_009/images/scene_cam_00_final_preview/frame.0000.tonemap.jpg
ai_048_004_cam_00_frame0000,ai_048_004,Bedroom,bedroom,scenes/ai_048_004/images/scene_cam_00_final_preview/frame.0000.tonemap.jpg
ai_021_003_cam_00_frame0000,ai_021_003,Bedroom,bedroom,scenes/ai_021_003/images/scene_cam_00_final_preview/frame.0000.tonemap.jpg
ai_006_007_cam_00_frame0000,ai_006_007,Bedroom,bedroom,scenes/ai_006_007/images/scene_cam_00_final_preview/frame.0000.tonemap.jpg
ai_035_008_cam_00_frame0000,ai_035_008,Bedroom,bedroom,scenes/ai_035_008/images/scene_cam_00_final_preview/frame.0000.tonemap.jpg
ai_004_009_cam_00_frame0000,ai_004_009,Bedroom,bedroom,scenes/ai_004_009/images/scene_cam_00_final_preview/frame.0000.tonemap.jpg
ai_035_006_cam_00_frame0000,ai_035_006,Bedroom,bedroom,scenes/ai_035_006/images/scene_cam_00_final_preview/frame.0000.tonemap.jpg
ai_035_003_cam_00_frame0000,ai_035_003,Bedroom,bedroom,scenes/ai_035_003/images/scene_cam_00_final_preview/frame.0000.tonemap.jpg
ai_045_001_cam_00_frame0000,ai_045_001,Bedroom,bedroom,scenes/ai_045_001/images/scene_cam_00_final_preview/frame.0000.tonemap.jpg
ai_015_007_cam_00_frame0032,ai_015_007,Bedroom,bedroom,scenes/ai_015_007/images/scene_cam_00_final_preview/frame.0032.tonemap.jpg
ai_035_005_cam_00_frame0000,ai_035_005,Bedroom,bedroom,scenes/ai_035_005/images/scene_cam_00_final_preview/frame.0000.tonemap.jpg
ai_035_007_cam_00_frame0000,ai_035_007,Bedroom,bedroom,scenes/ai_035_007/images/scene_cam_00_final_preview/frame.0000.tonemap.jpg
ai_007_001_cam_00_frame0000,ai_007_001,Bedroom,bedroom,scenes/ai_007_001/images/scene_cam_00_final_preview/frame.0000.tonemap.jpg
ai_002_009_cam_00_frame0000,ai_002_009,Bedroom,bedroom,scenes/ai_002_009/images/scene_cam_00_final_preview/frame.0000.tonemap.jpg
ai_035_009_cam_00_frame0000,ai_035_009,Bedroom,bedroom,scenes/ai_035_009/images/scene_cam_00_final_preview/frame.0000.tonemap.jpg
ai_006_008_cam_00_frame0000,ai_006_008,Bedroom,bedroom,scenes/ai_006_008/images/scene_cam_00_final_preview/frame.0000.tonemap.jpg
ai_032_008_cam_00_frame0000,ai_032_008,Bedroom,bedroom,scenes/ai_032_008/images/scene_cam_00_final_preview/frame.0000.tonemap.jpg
ai_010_005_cam_00_frame0000,ai_010_005,Bedroom,bedroom,scenes/ai_010_005/images/scene_cam_00_final_preview/frame.0000.tonemap.jpg
ai_035_001_cam_00_frame0000,ai_035_001,Bedroom,bedroom,scenes/ai_035_001/images/scene_cam_00_final_preview/frame.0000.tonemap.jpg
ai_035_002_cam_00_frame0000,ai_035_002,Bedroom,bedroom,scenes/ai_035_002/images/scene_cam_00_final_preview/frame.0000.tonemap.jpg
ai_010_001_cam_00_frame0000,ai_010_001,Bedroom,bedroom,scenes/ai_010_001/images/scene_cam_00_final_preview/frame.0000.tonemap.jpg
ai_043_006_cam_00_frame0000,ai_043_006,Bedroom,bedroom,scenes/ai_043_006/images/scene_cam_00_final_preview/frame.0000.tonemap.jpg
ai_045_004_cam_00_frame0000,ai_045_004,Bedroom,bedroom,scenes/ai_045_004/images/scene_cam_00_final_preview/frame.0000.tonemap.jpg
ai_014_006_cam_00_frame0000,ai_014_006,Bedroom,bedroom,scenes/ai_014_006/images/scene_cam_00_final_preview/frame.0000.tonemap.jpg
ai_004_005_cam_00_frame0000,ai_004_005,Bedroom,bedroom,scenes/ai_004_005/images/scene_cam_00_final_preview/frame.0000.tonemap.jpg
ai_032_005_cam_00_frame0000,ai_032_005,Bedroom,bedroom,scenes/ai_032_005/images/scene_cam_00_final_preview/frame.0000.tonemap.jpg
ai_042_001_cam_00_frame0000,ai_042_001,Bedroom,bedroom,scenes/ai_042_001/images/scene_cam_00_final_preview/frame.0000.tonemap.jpg
ai_003_004_cam_00_frame0000,ai_003_004,Bedroom,bedroom,scenes/ai_003_004/images/scene_cam_00_final_preview/frame.0000.tonemap.jpg
ai_030_005_cam_00_frame0000,ai_030_005,Bedroom,bedroom,scenes/ai_030_005/images/scene_cam_00_final_preview/frame.0000.tonemap.jpg
ai_051_003_cam_00_frame0000,ai_051_003,Bedroom,bedroom,scenes/ai_051_003/images/scene_cam_00_final_preview/frame.0000.tonemap.jpg
ai_035_004_cam_00_frame0000,ai_035_004,Bedroom,bedroom,scenes/ai_035_004/images/scene_cam_00_final_preview/frame.0000.tonemap.jpg
ai_010_002_cam_00_frame0050,ai_010_002,Bedroom,bedroom,scenes/ai_010_002/images/scene_cam_00_final_preview/frame.0050.tonemap.jpg
ai_001_006_cam_00_frame0050,ai_001_006,Bedroom,bedroom,scenes/ai_001_006/images/scene_cam_00_final_preview/frame.0050.tonemap.jpg
ai_017_006_cam_00_frame0050,ai_017_006,Bedroom,bedroom,scenes/ai_017_006/images/scene_cam_00_final_preview/frame.0050.tonemap.jpg
ai_007_008_cam_00_frame0050,ai_007_008,Bedroom,bedroom,scenes/ai_007_008/images/scene_cam_00_final_preview/frame.0050.tonemap.jpg
ai_035_010_cam_00_frame0050,ai_035_010,Bedroom,bedroom,scenes/ai_035_010/images/scene_cam_00_final_preview/frame.0050.tonemap.jpg
ai_048_009_cam_00_frame0053,ai_048_009,Bedroom,bedroom,scenes/ai_048_009/images/scene_cam_00_final_preview/frame.0053.tonemap.jpg
ai_048_004_cam_00_frame0050,ai_048_004,Bedroom,bedroom,scenes/ai_048_004/images/scene_cam_00_final_preview/frame.0050.tonemap.jpg
ai_021_003_cam_00_frame0050,ai_021_003,Bedroom,bedroom,scenes/ai_021_003/images/scene_cam_00_final_preview/frame.0050.tonemap.jpg
ai_006_007_cam_00_frame0050,ai_006_007,Bedroom,bedroom,scenes/ai_006_007/images/scene_cam_00_final_preview/frame.0050.tonemap.jpg
ai_035_008_cam_00_frame0050,ai_035_008,Bedroom,bedroom,scenes/ai_035_008/images/scene_cam_00_final_preview/frame.0050.tonemap.jpg
ai_004_009_cam_00_frame0050,ai_004_009,Bedroom,bedroom,scenes/ai_004_009/images/scene_cam_00_final_preview/frame.0050.tonemap.jpg
ai_035_006_cam_00_frame0050,ai_035_006,Bedroom,bedroom,scenes/ai_035_006/images/scene_cam_00_final_preview/frame.0050.tonemap.jpg
ai_035_003_cam_00_frame0050,ai_035_003,Bedroom,bedroom,scenes/ai_035_003/images/scene_cam_00_final_preview/frame.0050.tonemap.jpg
ai_045_001_cam_00_frame0050,ai_045_001,Bedroom,bedroom,scenes/ai_045_001/images/scene_cam_00_final_preview/frame.0050.tonemap.jpg
ai_015_007_cam_00_frame0056,ai_015_007,Bedroom,bedroom,scenes/ai_015_007/images/scene_cam_00_final_preview/frame.0056.tonemap.jpg
ai_035_005_cam_00_frame0050,ai_035_005,Bedroom,bedroom,scenes/ai_035_005/images/scene_cam_00_final_preview/frame.0050.tonemap.jpg
ai_035_007_cam_00_frame0050,ai_035_007,Bedroom,bedroom,scenes/ai_035_007/images/scene_cam_00_final_preview/frame.0050.tonemap.jpg
ai_007_001_cam_00_frame0050,ai_007_001,Bedroom,bedroom,scenes/ai_007_001/images/scene_cam_00_final_preview/frame.0050.tonemap.jpg
ai_002_009_cam_00_frame0050,ai_002_009,Bedroom,bedroom,scenes/ai_002_009/images/scene_cam_00_final_preview/frame.0050.tonemap.jpg
ai_035_009_cam_00_frame0052,ai_035_009,Bedroom,bedroom,scenes/ai_035_009/images/scene_cam_00_final_preview/frame.0052.tonemap.jpg
ai_006_008_cam_00_frame0050,ai_006_008,Bedroom,bedroom,scenes/ai_006_008/images/scene_cam_00_final_preview/frame.0050.tonemap.jpg
ai_032_008_cam_00_frame0050,ai_032_008,Bedroom,bedroom,scenes/ai_032_008/images/scene_cam_00_final_preview/frame.0050.tonemap.jpg
ai_010_005_cam_00_frame0050,ai_010_005,Bedroom,bedroom,scenes/ai_010_005/images/scene_cam_00_final_preview/frame.0050.tonemap.jpg
ai_035_001_cam_00_frame0050,ai_035_001,Bedroom,bedroom,scenes/ai_035_001/images/scene_cam_00_final_preview/frame.0050.tonemap.jpg
ai_021_001_cam_00_frame0000,ai_021_001,Living room,living_room,scenes/ai_021_001/images/scene_cam_00_final_preview/frame.0000.tonemap.jpg
ai_014_010_cam_00_frame0000,ai_014_010,Living room,living_room,scenes/ai_014_010/images/scene_cam_00_final_preview/frame.0000.tonemap.jpg
ai_022_009_cam_00_frame0000,ai_022_009,Living room,living_room,scenes/ai_022_009/images/scene_cam_00_final_preview/frame.0000.tonemap.jpg
ai_008_003_cam_00_frame0000,ai_008_003,Living room,living_room,scenes/ai_008_003/images/scene_cam_00_final_preview/frame.0000.tonemap.jpg
ai_002_003_cam_00_frame0000,ai_002_003,Living room,living_room,scenes/ai_002_003/images/scene_cam_00_final_preview/frame.0000.tonemap.jpg
ai_046_006_cam_00_frame0000,ai_046_006,Living room,living_room,scenes/ai_046_006/images/scene_cam_00_final_preview/frame.0000.tonemap.jpg
ai_028_004_cam_00_frame0000,ai_028_004,Living room,living_room,scenes/ai_028_004/images/scene_cam_00_final_preview/frame.0000.tonemap.jpg
ai_054_006_cam_00_frame0000,ai_054_006,Living room,living_room,scenes/ai_054_006/images/scene_cam_00_final_preview/frame.0000.tonemap.jpg
ai_005_006_cam_00_frame0000,ai_005_006,Living room,living_room,scenes/ai_005_006/images/scene_cam_00_final_preview/frame.0000.tonemap.jpg
ai_009_008_cam_00_frame0000,ai_009_008,Living room,living_room,scenes/ai_009_008/images/scene_cam_00_final_preview/frame.0000.tonemap.jpg
ai_027_008_cam_00_frame0000,ai_027_008,Living room,living_room,scenes/ai_027_008/images/scene_cam_00_final_preview/frame.0000.tonemap.jpg
ai_027_007_cam_00_frame0000,ai_027_007,Living room,living_room,scenes/ai_027_007/images/scene_cam_00_final_preview/frame.0000.tonemap.jpg
ai_021_009_cam_00_frame0000,ai_021_009,Living room,living_room,scenes/ai_021_009/images/scene_cam_00_final_preview/frame.0000.tonemap.jpg
ai_011_007_cam_00_frame0000,ai_011_007,Living room,living_room,scenes/ai_011_007/images/scene_cam_00_final_preview/frame.0000.tonemap.jpg
ai_019_004_cam_00_frame0000,ai_019_004,Living room,living_room,scenes/ai_019_004/images/scene_cam_00_final_preview/frame.0000.tonemap.jpg
ai_029_004_cam_00_frame0000,ai_029_004,Living room,living_room,scenes/ai_029_004/images/scene_cam_00_final_preview/frame.0000.tonemap.jpg
ai_001_009_cam_00_frame0000,ai_001_009,Living room,living_room,scenes/ai_001_009/images/scene_cam_00_final_preview/frame.0000.tonemap.jpg
ai_010_004_cam_00_frame0000,ai_010_004,Living room,living_room,scenes/ai_010_004/images/scene_cam_00_final_preview/frame.0000.tonemap.jpg
ai_001_008_cam_00_frame0000,ai_001_008,Living room,living_room,scenes/ai_001_008/images/scene_cam_00_final_preview/frame.0000.tonemap.jpg
ai_018_002_cam_00_frame0000,ai_018_002,Living room,living_room,scenes/ai_018_002/images/scene_cam_00_final_preview/frame.0000.tonemap.jpg
ai_023_007_cam_00_frame0000,ai_023_007,Living room,living_room,scenes/ai_023_007/images/scene_cam_00_final_preview/frame.0000.tonemap.jpg
ai_015_010_cam_00_frame0000,ai_015_010,Living room,living_room,scenes/ai_015_010/images/scene_cam_00_final_preview/frame.0000.tonemap.jpg
ai_002_001_cam_00_frame0000,ai_002_001,Living room,living_room,scenes/ai_002_001/images/scene_cam_00_final_preview/frame.0000.tonemap.jpg
ai_017_007_cam_00_frame0000,ai_017_007,Living room,living_room,scenes/ai_017_007/images/scene_cam_00_final_preview/frame.0000.tonemap.jpg
ai_005_008_cam_00_frame0000,ai_005_008,Living room,living_room,scenes/ai_005_008/images/scene_cam_00_final_preview/frame.0000.tonemap.jpg
ai_034_002_cam_00_frame0000,ai_034_002,Living room,living_room,scenes/ai_034_002/images/scene_cam_00_final_preview/frame.0000.tonemap.jpg
ai_014_003_cam_00_frame0000,ai_014_003,Living room,living_room,scenes/ai_014_003/images/scene_cam_00_final_preview/frame.0000.tonemap.jpg
ai_017_001_cam_00_frame0000,ai_017_001,Living room,living_room,scenes/ai_017_001/images/scene_cam_00_final_preview/frame.0000.tonemap.jpg
ai_042_004_cam_00_frame0000,ai_042_004,Living room,living_room,scenes/ai_042_004/images/scene_cam_00_final_preview/frame.0000.tonemap.jpg
ai_008_010_cam_00_frame0000,ai_008_010,Living room,living_room,scenes/ai_008_010/images/scene_cam_00_final_preview/frame.0000.tonemap.jpg
ai_030_002_cam_00_frame0000,ai_030_002,Living room,living_room,scenes/ai_030_002/images/scene_cam_00_final_preview/frame.0000.tonemap.jpg
ai_017_005_cam_00_frame0000,ai_017_005,Living room,living_room,scenes/ai_017_005/images/scene_cam_00_final_preview/frame.0000.tonemap.jpg
ai_008_008_cam_00_frame0000,ai_008_008,Living room,living_room,scenes/ai_008_008/images/scene_cam_00_final_preview/frame.0000.tonemap.jpg
ai_004_004_cam_00_frame0000,ai_004_004,Living room,living_room,scenes/ai_004_004/images/scene_cam_00_final_preview/frame.0000.tonemap.jpg
ai_005_004_cam_00_frame0000,ai_005_004,Living room,living_room,scenes/ai_005_004/images/scene_cam_00_final_preview/frame.0000.tonemap.jpg
ai_015_006_cam_00_frame0000,ai_015_006,Living room,living_room,scenes/ai_015_006/images/scene_cam_00_final_preview/frame.0000.tonemap.jpg
ai_027_010_cam_00_frame0000,ai_027_010,Living room,living_room,scenes/ai_027_010/images/scene_cam_00_final_preview/frame.0000.tonemap.jpg
ai_032_009_cam_00_frame0003,ai_032_009,Living room,living_room,scenes/ai_032_009/images/scene_cam_00_final_preview/frame.0003.tonemap.jpg
ai_042_002_cam_00_frame0000,ai_042_002,Living room,living_room,scenes/ai_042_002/images/scene_cam_00_final_preview/frame.0000.tonemap.jpg
ai_043_008_cam_00_frame0000,ai_043_008,Living room,living_room,scenes/ai_043_008/images/scene_cam_00_final_preview/frame.0000.tonemap.jpg
ai_012_005_cam_00_frame0000,ai_012_005,Living room,living_room,scenes/ai_012_005/images/scene_cam_00_final_preview/frame.0000.tonemap.jpg
ai_023_003_cam_00_frame0000,ai_023_003,Living room,living_room,scenes/ai_023_003/images/scene_cam_00_final_preview/frame.0000.tonemap.jpg
ai_037_004_cam_00_frame0000,ai_037_004,Living room,living_room,scenes/ai_037_004/images/scene_cam_00_final_preview/frame.0000.tonemap.jpg
ai_048_001_cam_00_frame0000,ai_048_001,Living room,living_room,scenes/ai_048_001/images/scene_cam_00_final_preview/frame.0000.tonemap.jpg
ai_004_006_cam_00_frame0000,ai_004_006,Living room,living_room,scenes/ai_004_006/images/scene_cam_00_final_preview/frame.0000.tonemap.jpg
ai_041_001_cam_00_frame0000,ai_041_001,Living room,living_room,scenes/ai_041_001/images/scene_cam_00_final_preview/frame.0000.tonemap.jpg
ai_050_004_cam_00_frame0000,ai_050_004,Living room,living_room,scenes/ai_050_004/images/scene_cam_00_final_preview/frame.0000.tonemap.jpg
ai_028_009_cam_00_frame0000,ai_028_009,Living room,living_room,scenes/ai_028_009/images/scene_cam_00_final_preview/frame.0000.tonemap.jpg
ai_054_008_cam_00_frame0000,ai_054_008,Living room,living_room,scenes/ai_054_008/images/scene_cam_00_final_preview/frame.0000.tonemap.jpg
ai_048_010_cam_00_frame0000,ai_048_010,Living room,living_room,scenes/ai_048_010/images/scene_cam_00_final_preview/frame.0000.tonemap.jpg
ai_030_004_cam_00_frame0000,ai_030_004,Living room,living_room,scenes/ai_030_004/images/scene_cam_00_final_preview/frame.0000.tonemap.jpg
ai_029_003_cam_00_frame0000,ai_029_003,Living room,living_room,scenes/ai_029_003/images/scene_cam_00_final_preview/frame.0000.tonemap.jpg
ai_027_004_cam_00_frame0000,ai_027_004,Living room,living_room,scenes/ai_027_004/images/scene_cam_00_final_preview/frame.0000.tonemap.jpg
ai_046_001_cam_00_frame0000,ai_046_001,Living room,living_room,scenes/ai_046_001/images/scene_cam_00_final_preview/frame.0000.tonemap.jpg
ai_021_010_cam_00_frame0000,ai_021_010,Living room,living_room,scenes/ai_021_010/images/scene_cam_00_final_preview/frame.0000.tonemap.jpg
ai_048_008_cam_00_frame0000,ai_048_008,Living room,living_room,scenes/ai_048_008/images/scene_cam_00_final_preview/frame.0000.tonemap.jpg
ai_054_010_cam_00_frame0000,ai_054_010,Living room,living_room,scenes/ai_054_010/images/scene_cam_00_final_preview/frame.0000.tonemap.jpg
ai_017_002_cam_00_frame0000,ai_017_002,Living room,living_room,scenes/ai_017_002/images/scene_cam_00_final_preview/frame.0000.tonemap.jpg
ai_001_004_cam_00_frame0000,ai_001_004,Living room,living_room,scenes/ai_001_004/images/scene_cam_00_final_preview/frame.0000.tonemap.jpg
ai_021_007_cam_00_frame0000,ai_021_007,Living room,living_room,scenes/ai_021_007/images/scene_cam_00_final_preview/frame.0000.tonemap.jpg
ai_053_019_cam_00_frame0000,ai_053_019,Office,office,scenes/ai_053_019/images/scene_cam_00_final_preview/frame.0000.tonemap.jpg
ai_033_005_cam_00_frame0000,ai_033_005,Office,office,scenes/ai_033_005/images/scene_cam_00_final_preview/frame.0000.tonemap.jpg
ai_053_010_cam_00_frame0000,ai_053_010,Lecture theater,office,scenes/ai_053_010/images/scene_cam_00_final_preview/frame.0000.tonemap.jpg
ai_009_009_cam_00_frame0000,ai_009_009,Office (building foyer),office,scenes/ai_009_009/images/scene_cam_00_final_preview/frame.0000.tonemap.jpg
ai_008_007_cam_00_frame0000,ai_008_007,Office,office,scenes/ai_008_007/images/scene_cam_00_final_preview/frame.0000.tonemap.jpg
ai_047_009_cam_00_frame0000,ai_047_009,Office (conference room),office,scenes/ai_047_009/images/scene_cam_00_final_preview/frame.0000.tonemap.jpg
ai_006_006_cam_00_frame0000,ai_006_006,Office (waiting area),office,scenes/ai_006_006/images/scene_cam_00_final_preview/frame.0000.tonemap.jpg
ai_053_020_cam_00_frame0000,ai_053_020,Office,office,scenes/ai_053_020/images/scene_cam_00_final_preview/frame.0000.tonemap.jpg
ai_015_005_cam_00_frame0000,ai_015_005,Office (home),office,scenes/ai_015_005/images/scene_cam_00_final_preview/frame.0000.tonemap.jpg
ai_053_004_cam_00_frame0004,ai_053_004,Lecture theater,office,scenes/ai_053_004/images/scene_cam_00_final_preview/frame.0004.tonemap.jpg
ai_013_003_cam_00_frame0000,ai_013_003,Office (building foyer),office,scenes/ai_013_003/images/scene_cam_00_final_preview/frame.0000.tonemap.jpg
ai_047_006_cam_00_frame0000,ai_047_006,Office (conference room),office,scenes/ai_047_006/images/scene_cam_00_final_preview/frame.0000.tonemap.jpg
ai_023_001_cam_00_frame0000,ai_023_001,Library,office,scenes/ai_023_001/images/scene_cam_00_final_preview/frame.0000.tonemap.jpg
ai_034_001_cam_00_frame0000,ai_034_001,Office (home),office,scenes/ai_034_001/images/scene_cam_00_final_preview/frame.0000.tonemap.jpg
ai_033_002_cam_00_frame0000,ai_033_002,Office,office,scenes/ai_033_002/images/scene_cam_00_final_preview/frame.0000.tonemap.jpg
ai_036_002_cam_00_frame0000,ai_036_002,Office (home),office,scenes/ai_036_002/images/scene_cam_00_final_preview/frame.0000.tonemap.jpg
ai_013_004_cam_00_frame0000,ai_013_004,Office,office,scenes/ai_013_004/images/scene_cam_00_final_preview/frame.0000.tonemap.jpg
ai_041_008_cam_00_frame0000,ai_041_008,Office (waiting area),office,scenes/ai_041_008/images/scene_cam_00_final_preview/frame.0000.tonemap.jpg
ai_033_001_cam_00_frame0000,ai_033_001,Office,office,scenes/ai_033_001/images/scene_cam_00_final_preview/frame.0000.tonemap.jpg
ai_053_017_cam_00_frame0000,ai_053_017,Office,office,scenes/ai_053_017/images/scene_cam_00_final_preview/frame.0000.tonemap.jpg
ai_036_003_cam_00_frame0000,ai_036_003,Office,office,scenes/ai_036_003/images/scene_cam_00_final_preview/frame.0000.tonemap.jpg
ai_016_009_cam_00_frame0000,ai_016_009,Library,office,scenes/ai_016_009/images/scene_cam_00_final_preview/frame.0000.tonemap.jpg
ai_033_008_cam_00_frame0000,ai_033_008,Office,office,scenes/ai_033_008/images/scene_cam_00_final_preview/frame.0000.tonemap.jpg
ai_053_009_cam_00_frame0000,ai_053_009,Lecture theater,office,scenes/ai_053_009/images/scene_cam_00_final_preview/frame.0000.tonemap.jpg
ai_053_012_cam_00_frame0000,ai_053_012,Office,office,scenes/ai_053_012/images/scene_cam_00_final_preview/frame.0000.tonemap.jpg
ai_033_010_cam_00_frame0000,ai_033_010,Office,office,scenes/ai_033_010/images/scene_cam_00_final_preview/frame.0000.tonemap.jpg
ai_026_005_cam_00_frame0000,ai_026_005,Office (building foyer),office,scenes/ai_026_005/images/scene_cam_00_final_preview/frame.0000.tonemap.jpg
ai_053_016_cam_00_frame0000,ai_053_016,Office,office,scenes/ai_053_016/images/scene_cam_00_final_preview/frame.0000.tonemap.jpg
ai_053_002_cam_00_frame0000,ai_053_002,Lecture theater,office,scenes/ai_053_002/images/scene_cam_00_final_preview/frame.0000.tonemap.jpg
ai_036_008_cam_00_frame0000,ai_036_008,Office,office,scenes/ai_036_008/images/scene_cam_00_final_preview/frame.0000.tonemap.jpg
ai_008_001_cam_00_frame0000,ai_008_001,Office (home),office,scenes/ai_008_001/images/scene_cam_00_final_preview/frame.0000.tonemap.jpg
ai_036_005_cam_00_frame0000,ai_036_005,Office (home),office,scenes/ai_036_005/images/scene_cam_00_final_preview/frame.0000.tonemap.jpg
ai_024_015_cam_00_frame0000,ai_024_015,Office (building foyer),office,scenes/ai_024_015/images/scene_cam_00_final_preview/frame.0000.tonemap.jpg
ai_053_008_cam_00_frame0000,ai_053_008,Lecture theater,office,scenes/ai_053_008/images/scene_cam_00_final_preview/frame.0000.tonemap.jpg
ai_036_006_cam_00_frame0000,ai_036_006,Office,office,scenes/ai_036_006/images/scene_cam_00_final_preview/frame.0000.tonemap.jpg
ai_047_001_cam_00_frame0000,ai_047_001,Office,office,scenes/ai_047_001/images/scene_cam_00_final_preview/frame.0000.tonemap.jpg
ai_053_005_cam_00_frame0000,ai_053_005,Lecture theater,office,scenes/ai_053_005/images/scene_cam_00_final_preview/frame.0000.tonemap.jpg
ai_003_009_cam_00_frame0000,ai_003_009,Office,office,scenes/ai_003_009/images/scene_cam_00_final_preview/frame.0000.tonemap.jpg
ai_053_018_cam_00_frame0000,ai_053_018,Office,office,scenes/ai_053_018/images/scene_cam_00_final_preview/frame.0000.tonemap.jpg
ai_047_007_cam_00_frame0000,ai_047_007,Office (conference room),office,scenes/ai_047_007/images/scene_cam_00_final_preview/frame.0000.tonemap.jpg
ai_005_003_cam_00_frame0010,ai_005_003,Office (building foyer),office,scenes/ai_005_003/images/scene_cam_00_final_preview/frame.0010.tonemap.jpg
ai_047_003_cam_00_frame0000,ai_047_003,Office (conference room),office,scenes/ai_047_003/images/scene_cam_00_final_preview/frame.0000.tonemap.jpg
ai_053_006_cam_00_frame0000,ai_053_006,Lecture theater,office,scenes/ai_053_006/images/scene_cam_00_final_preview/frame.0000.tonemap.jpg
ai_001_002_cam_00_frame0000,ai_001_002,Office,office,scenes/ai_001_002/images/scene_cam_00_final_preview/frame.0000.tonemap.jpg
ai_053_001_cam_00_frame0000,ai_053_001,Lecture theater,office,scenes/ai_053_001/images/scene_cam_00_final_preview/frame.0000.tonemap.jpg
ai_053_003_cam_00_frame0000,ai_053_003,Lecture theater,office,scenes/ai_053_003/images/scene_cam_00_final_preview/frame.0000.tonemap.jpg
ai_053_007_cam_00_frame0000,ai_053_007,Lecture theater,office,scenes/ai_053_007/images/scene_cam_00_final_preview/frame.0000.tonemap.jpg
ai_036_010_cam_00_frame0000,ai_036_010,Office (home),office,scenes/ai_036_010/images/scene_cam_00_final_preview/frame.0000.tonemap.jpg
ai_043_009_cam_00_frame0000,ai_043_009,Office (home),office,scenes/ai_043_009/images/scene_cam_00_final_preview/frame.0000.tonemap.jpg
ai_001_003_cam_00_frame0000,ai_001_003,Office,office,scenes/ai_001_003/images/scene_cam_00_final_preview/frame.0000.tonemap.jpg
ai_033_004_cam_00_frame0000,ai_033_004,Office (home),office,scenes/ai_033_004/images/scene_cam_00_final_preview/frame.0000.tonemap.jpg
ai_005_009_cam_00_frame0000,ai_005_009,Office (building foyer),office,scenes/ai_005_009/images/scene_cam_00_final_preview/frame.0000.tonemap.jpg
ai_019_002_cam_00_frame0000,ai_019_002,Office,office,scenes/ai_019_002/images/scene_cam_00_final_preview/frame.0000.tonemap.jpg
ai_022_002_cam_00_frame0000,ai_022_002,Office,office,scenes/ai_022_002/images/scene_cam_00_final_preview/frame.0000.tonemap.jpg
ai_008_006_cam_00_frame0006,ai_008_006,Office (waiting area),office,scenes/ai_008_006/images/scene_cam_00_final_preview/frame.0006.tonemap.jpg
ai_053_014_cam_00_frame0000,ai_053_014,Office,office,scenes/ai_053_014/images/scene_cam_00_final_preview/frame.0000.tonemap.jpg
ai_036_007_cam_00_frame0000,ai_036_007,Office (home),office,scenes/ai_036_007/images/scene_cam_00_final_preview/frame.0000.tonemap.jpg
ai_053_013_cam_00_frame0019,ai_053_013,Office,office,scenes/ai_053_013/images/scene_cam_00_final_preview/frame.0019.tonemap.jpg
ai_036_001_cam_00_frame0000,ai_036_001,Office (home),office,scenes/ai_036_001/images/scene_cam_00_final_preview/frame.0000.tonemap.jpg
ai_033_007_cam_00_frame0000,ai_033_007,Office,office,scenes/ai_033_007/images/scene_cam_00_final_preview/frame.0000.tonemap.jpg
ai_052_007_cam_00_frame0000,ai_052_007,Restaurant,dining_room,scenes/ai_052_007/images/scene_cam_00_final_preview/frame.0000.tonemap.jpg
ai_013_009_cam_00_frame0000,ai_013_009,Restaurant,dining_room,scenes/ai_013_009/images/scene_cam_00_final_preview/frame.0000.tonemap.jpg
ai_055_004_cam_00_frame0000,ai_055_004,Restaurant,dining_room,scenes/ai_055_004/images/scene_cam_00_final_preview/frame.0000.tonemap.jpg
ai_023_005_cam_00_frame0000,ai_023_005,Restaurant,dining_room,scenes/ai_023_005/images/scene_cam_00_final_preview/frame.0000.tonemap.jpg
ai_007_002_cam_00_frame0000,ai_007_002,Dining room,dining_room,scenes/ai_007_002/images/scene_cam_00_final_preview/frame.0000.tonemap.jpg
ai_012_010_cam_00_frame0000,ai_012_010,Restaurant,dining_room,scenes/ai_012_010/images/scene_cam_00_final_preview/frame.0000.tonemap.jpg
ai_028_003_cam_00_frame0000,ai_028_003,Dining room,dining_room,scenes/ai_028_003/images/scene_cam_00_final_preview/frame.0000.tonemap.jpg
ai_055_005_cam_00_frame0000,ai_055_005,Restaurant,dining_room,scenes/ai_055_005/images/scene_cam_00_final_preview/frame.0000.tonemap.jpg
ai_031_010_cam_00_frame0000,ai_031_010,Restaurant,dining_room,scenes/ai_031_010/images/scene_cam_00_final_preview/frame.0000.tonemap.jpg
ai_031_003_cam_00_frame0000,ai_031_003,Restaurant,dining_room,scenes/ai_031_003/images/scene_cam_00_final_preview/frame.0000.tonemap.jpg
ai_055_001_cam_00_frame0000,ai_055_001,Restaurant,dining_room,scenes/ai_055_001/images/scene_cam_00_final_preview/frame.0000.tonemap.jpg
ai_052_010_cam_00_frame0000,ai_052_010,Restaurant,dining_room,scenes/ai_052_010/images/scene_cam_00_final_preview/frame.0000.tonemap.jpg
ai_034_003_cam_00_frame0000,ai_034_003,Restaurant,dining_room,scenes/ai_034_003/images/scene_cam_00_final_preview/frame.0000.tonemap.jpg
ai_018_009_cam_00_frame0000,ai_018_009,Restaurant,dining_room,scenes/ai_018_009/images/scene_cam_00_final_preview/frame.0000.tonemap.jpg
ai_017_009_cam_00_frame0000,ai_017_009,Dining room,dining_room,scenes/ai_017_009/images/scene_cam_00_final_preview/frame.0000.tonemap.jpg
ai_055_007_cam_00_frame0000,ai_055_007,Restaurant,dining_room,scenes/ai_055_007/images/scene_cam_00_final_preview/frame.0000.tonemap.jpg
ai_022_006_cam_00_frame0000,ai_022_006,Restaurant,dining_room,scenes/ai_022_006/images/scene_cam_00_final_preview/frame.0000.tonemap.jpg
ai_052_006_cam_00_frame0000,ai_052_006,Restaurant,dining_room,scenes/ai_052_006/images/scene_cam_00_final_preview/frame.0000.tonemap.jpg
ai_029_002_cam_00_frame0000,ai_029_002,Dining room,dining_room,scenes/ai_029_002/images/scene_cam_00_final_preview/frame.0000.tonemap.jpg
ai_037_007_cam_00_frame0000,ai_037_007,Dining room,dining_room,scenes/ai_037_007/images/scene_cam_00_final_preview/frame.0000.tonemap.jpg
ai_006_002_cam_00_frame0000,ai_006_002,Restaurant,dining_room,scenes/ai_006_002/images/scene_cam_00_final_preview/frame.0000.tonemap.jpg
ai_017_003_cam_00_frame0000,ai_017_003,Restaurant,dining_room,scenes/ai_017_003/images/scene_cam_00_final_preview/frame.0000.tonemap.jpg
ai_055_009_cam_00_frame0000,ai_055_009,Restaurant,dining_room,scenes/ai_055_009/images/scene_cam_00_final_preview/frame.0000.tonemap.jpg
ai_052_004_cam_00_frame0000,ai_052_004,Restaurant,dining_room,scenes/ai_052_004/images/scene_cam_00_final_preview/frame.0000.tonemap.jpg
ai_055_002_cam_00_frame0039,ai_055_002,Restaurant,dining_room,scenes/ai_055_002/images/scene_cam_00_final_preview/frame.0039.tonemap.jpg
ai_017_004_cam_00_frame0000,ai_017_004,Restaurant,dining_room,scenes/ai_017_004/images/scene_cam_00_final_preview/frame.0000.tonemap.jpg
ai_052_005_cam_00_frame0000,ai_052_005,Restaurant,dining_room,scenes/ai_052_005/images/scene_cam_00_final_preview/frame.0000.tonemap.jpg
ai_011_006_cam_00_frame0000,ai_011_006,Dining room,dining_room,scenes/ai_011_006/images/scene_cam_00_final_preview/frame.0000.tonemap.jpg
ai_055_006_cam_00_frame0000,ai_055_006,Restaurant,dining_room,scenes/ai_055_006/images/scene_cam_00_final_preview/frame.0000.tonemap.jpg
ai_032_002_cam_00_frame0000,ai_032_002,Restaurant,dining_room,scenes/ai_032_002/images/scene_cam_00_final_preview/frame.0000.tonemap.jpg
ai_055_003_cam_00_frame0000,ai_055_003,Restaurant,dining_room,scenes/ai_055_003/images/scene_cam_00_final_preview/frame.0000.tonemap.jpg
ai_010_003_cam_00_frame0000,ai_010_003,Restaurant,dining_room,scenes/ai_010_003/images/scene_cam_00_final_preview/frame.0000.tonemap.jpg
ai_005_010_cam_00_frame0000,ai_005_010,Dining room,dining_room,scenes/ai_005_010/images/scene_cam_00_final_preview/frame.0000.tonemap.jpg
ai_008_004_cam_00_frame0000,ai_008_004,Dining room,dining_room,scenes/ai_008_004/images/scene_cam_00_final_preview/frame.0000.tonemap.jpg
ai_011_005_cam_00_frame0000,ai_011_005,Dining room,dining_room,scenes/ai_011_005/images/scene_cam_00_final_preview/frame.0000.tonemap.jpg
ai_052_009_cam_00_frame0000,ai_052_009,Restaurant,dining_room,scenes/ai_052_009/images/scene_cam_00_final_preview/frame.0000.tonemap.jpg
ai_055_008_cam_00_frame0001,ai_055_008,Restaurant,dining_room,scenes/ai_055_008/images/scene_cam_00_final_preview/frame.0001.tonemap.jpg
ai_008_005_cam_00_frame0000,ai_008_005,Restaurant,dining_room,scenes/ai_008_005/images/scene_cam_00_final_preview/frame.0000.tonemap.jpg
ai_018_008_cam_00_frame0000,ai_018_008,Restaurant,dining_room,scenes/ai_018_008/images/scene_cam_00_final_preview/frame.0000.tonemap.jpg
ai_052_003_cam_00_frame0000,ai_052_003,Restaurant,dining_room,scenes/ai_052_003/images/scene_cam_00_final_preview/frame.0000.tonemap.jpg
ai_018_010_cam_00_frame0000,ai_018_010,Restaurant,dining_room,scenes/ai_018_010/images/scene_cam_00_final_preview/frame.0000.tonemap.jpg
ai_016_002_cam_00_frame0000,ai_016_002,Restaurant,dining_room,scenes/ai_016_002/images/scene_cam_00_final_preview/frame.0000.tonemap.jpg
ai_052_001_cam_00_frame0000,ai_052_001,Restaurant,dining_room,scenes/ai_052_001/images/scene_cam_00_final_preview/frame.0000.tonemap.jpg
ai_011_010_cam_00_frame0031,ai_011_010,Restaurant,dining_room,scenes/ai_011_010/images/scene_cam_00_final_preview/frame.0031.tonemap.jpg
ai_052_002_cam_00_frame0000,ai_052_002,Restaurant,dining_room,scenes/ai_052_002/images/scene_cam_00_final_preview/frame.0000.tonemap.jpg
ai_052_008_cam_00_frame0000,ai_052_008,Restaurant,dining_room,scenes/ai_052_008/images/scene_cam_00_final_preview/frame.0000.tonemap.jpg
ai_052_007_cam_00_frame0050,ai_052_007,Restaurant,dining_room,scenes/ai_052_007/images/scene_cam_00_final_preview/frame.0050.tonemap.jpg
ai_013_009_cam_00_frame0050,ai_013_009,Restaurant,dining_room,scenes/ai_013_009/images/scene_cam_00_final_preview/frame.0050.tonemap.jpg
ai_055_004_cam_00_frame0050,ai_055_004,Restaurant,dining_room,scenes/ai_055_004/images/scene_cam_00_final_preview/frame.0050.tonemap.jpg
ai_023_005_cam_00_frame0050,ai_023_005,Restaurant,dining_room,scenes/ai_023_005/images/scene_cam_00_final_preview/frame.0050.tonemap.jpg
ai_007_002_cam_00_frame0050,ai_007_002,Dining room,dining_room,scenes/ai_007_002/images/scene_cam_00_final_preview/frame.0050.tonemap.jpg
ai_012_010_cam_00_frame0050,ai_012_010,Restaurant,dining_room,scenes/ai_012_010/images/scene_cam_00_final_preview/frame.0050.tonemap.jpg
ai_028_003_cam_00_frame0050,ai_028_003,Dining room,dining_room,scenes/ai_028_003/images/scene_cam_00_final_preview/frame.0050.tonemap.jpg
ai_055_005_cam_00_frame0051,ai_055_005,Restaurant,dining_room,scenes/ai_055_005/images/scene_cam_00_final_preview/frame.0051.tonemap.jpg
ai_031_010_cam_00_frame0050,ai_031_010,Restaurant,dining_room,scenes/ai_031_010/images/scene_cam_00_final_preview/frame.0050.tonemap.jpg
ai_031_003_cam_00_frame0050,ai_031_003,Restaurant,dining_room,scenes/ai_031_003/images/scene_cam_00_final_preview/frame.0050.tonemap.jpg
ai_055_001_cam_00_frame0050,ai_055_001,Restaurant,dining_room,scenes/ai_055_001/images/scene_cam_00_final_preview/frame.0050.tonemap.jpg
ai_052_010_cam_00_frame0050,ai_052_010,Restaurant,dining_room,scenes/ai_052_010/images/scene_cam_00_final_preview/frame.0050.tonemap.jpg
ai_034_003_cam_00_frame0050,ai_034_003,Restaurant,dining_room,scenes/ai_034_003/images/scene_cam_00_final_preview/frame.0050.tonemap.jpg
ai_018_009_cam_00_frame0050,ai_018_009,Restaurant,dining_room,scenes/ai_018_009/images/scene_cam_00_final_preview/frame.0050.tonemap.jpg
ai_039_006_cam_00_frame0000,ai_039_006,Bathroom,bathroom,scenes/ai_039_006/images/scene_cam_00_final_preview/frame.0000.tonemap.jpg
ai_011_009_cam_00_frame0000,ai_011_009,Bathroom,bathroom,scenes/ai_011_009/images/scene_cam_00_final_preview/frame.0000.tonemap.jpg
ai_016_007_cam_00_frame0000,ai_016_007,Bathroom,bathroom,scenes/ai_016_007/images/scene_cam_00_final_preview/frame.0000.tonemap.jpg
ai_001_001_cam_00_frame0000,ai_001_001,Bathroom,bathroom,scenes/ai_001_001/images/scene_cam_00_final_preview/frame.0000.tonemap.jpg
ai_007_010_cam_00_frame0000,ai_007_010,Bathroom,bathroom,scenes/ai_007_010/images/scene_cam_00_final_preview/frame.0000.tonemap.jpg
ai_007_005_cam_00_frame0000,ai_007_005,Bathroom,bathroom,scenes/ai_007_005/images/scene_cam_00_final_preview/frame.0000.tonemap.jpg
ai_004_003_cam_00_frame0000,ai_004_003,Bathroom,bathroom,scenes/ai_004_003/images/scene_cam_00_final_preview/frame.0000.tonemap.jpg
ai_039_009_cam_00_frame0000,ai_039_009,Bathroom,bathroom,scenes/ai_039_009/images/scene_cam_00_final_preview/frame.0000.tonemap.jpg
ai_007_004_cam_00_frame0000,ai_007_004,Bathroom,bathroom,scenes/ai_007_004/images/scene_cam_00_final_preview/frame.0000.tonemap.jpg
ai_004_001_cam_00_frame0000,ai_004_001,Bathroom,bathroom,scenes/ai_004_001/images/scene_cam_00_final_preview/frame.0000.tonemap.jpg
ai_015_008_cam_00_frame0000,ai_015_008,Bathroom,bathroom,scenes/ai_015_008/images/scene_cam_00_final_preview/frame.0000.tonemap.jpg
ai_010_006_cam_00_frame0000,ai_010_006,Bathroom,bathroom,scenes/ai_010_006/images/scene_cam_00_final_preview/frame.0000.tonemap.jpg
ai_032_001_cam_00_frame0000,ai_032_001,Bathroom,bathroom,scenes/ai_032_001/images/scene_cam_00_final_preview/frame.0000.tonemap.jpg
ai_039_005_cam_00_frame0000,ai_039_005,Bathroom,bathroom,scenes/ai_039_005/images/scene_cam_00_final_preview/frame.0000.tonemap.jpg
ai_015_009_cam_00_frame0000,ai_015_009,Bathroom,bathroom,scenes/ai_015_009/images/scene_cam_00_final_preview/frame.0000.tonemap.jpg
ai_003_001_cam_00_frame0000,ai_003_001,Bathroom,bathroom,scenes/ai_003_001/images/scene_cam_00_final_preview/frame.0000.tonemap.jpg
ai_039_003_cam_00_frame0000,ai_039_003,Bathroom,bathroom,scenes/ai_039_003/images/scene_cam_00_final_preview/frame.0000.tonemap.jpg
ai_039_010_cam_00_frame0000,ai_039_010,Bathroom,bathroom,scenes/ai_039_010/images/scene_cam_00_final_preview/frame.0000.tonemap.jpg
ai_004_007_cam_00_frame0000,ai_004_007,Bathroom,bathroom,scenes/ai_004_007/images/scene_cam_00_final_preview/frame.0000.tonemap.jpg
ai_039_004_cam_00_frame0000,ai_039_004,Bathroom,bathroom,scenes/ai_039_004/images/scene_cam_00_final_preview/frame.0000.tonemap.jpg
ai_022_004_cam_00_frame0000,ai_022_004,Bathroom,bathroom,scenes/ai_022_004/images/scene_cam_00_final_preview/frame.0000.tonemap.jpg
ai_022_003_cam_00_frame0000,ai_022_003,Bathroom,bathroom,scenes/ai_022_003/images/scene_cam_00_final_preview/frame.0000.tonemap.jpg
ai_039_002_cam_00_frame0000,ai_039_002,Bathroom,bathroom,scenes/ai_039_002/images/scene_cam_00_final_preview/frame.0000.tonemap.jpg
ai_039_008_cam_00_frame0000,ai_039_008,Bathroom,bathroom,scenes/ai_039_008/images/scene_cam_00_final_preview/frame.0000.tonemap.jpg
ai_001_007_cam_00_frame0000,ai_001_007,Bathroom,bathroom,scenes/ai_001_007/images/scene_cam_00_final_preview/frame.0000.tonemap.jpg
ai_010_009_cam_00_frame0000,ai_010_009,Bathroom,bathroom,scenes/ai_010_009/images/scene_cam_00_final_preview/frame.0000.tonemap.jpg
ai_039_007_cam_00_frame0000,ai_039_007,Bathroom,bathroom,scenes/ai_039_007/images/scene_cam_00_final_preview/frame.0000.tonemap.jpg
ai_039_006_cam_00_frame0050,ai_039_006,Bathroom,bathroom,scenes/ai_039_006/images/scene_cam_00_final_preview/frame.0050.tonemap.jpg
ai_011_009_cam_00_frame0050,ai_011_009,Bathroom,bathroom,scenes/ai_011_009/images/scene_cam_00_final_preview/frame.0050.tonemap.jpg
ai_016_007_cam_00_frame0050,ai_016_007,Bathroom,bathroom,scenes/ai_016_007/images/scene_cam_00_final_preview/frame.0050.tonemap.jpg
ai_001_001_cam_00_frame0050,ai_001_001,Bathroom,bathroom,scenes/ai_001_001/images/scene_cam_00_final_preview/frame.0050.tonemap.jpg
ai_007_010_cam_00_frame0050,ai_007_010,Bathroom,bathroom,scenes/ai_007_010/images/scene_cam_00_final_preview/frame.0050.tonemap.jpg
ai_007_005_cam_00_frame0050,ai_007_005,Bathroom,bathroom,scenes/ai_007_005/images/scene_cam_00_final_preview/frame.0050.tonemap.jpg
ai_004_003_cam_00_frame0050,ai_004_003,Bathroom,bathroom,scenes/ai_004_003/images/scene_cam_00_final_preview/frame.0050.tonemap.jpg
ai_039_009_cam_00_frame0050,ai_039_009,Bathroom,bathroom,scenes/ai_039_009/images/scene_cam_00_final_preview/frame.0050.tonemap.jpg
ai_007_004_cam_00_frame0050,ai_007_004,Bathroom,bathroom,scenes/ai_007_004/images/scene_cam_00_final_preview/frame.0050.tonemap.jpg
ai_004_001_cam_00_frame0050,ai_004_001,Bathroom,bathroom,scenes/ai_004_001/images/scene_cam_00_final_preview/frame.0050.tonemap.jpg
ai_015_008_cam_00_frame0050,ai_015_008,Bathroom,bathroom,scenes/ai_015_008/images/scene_cam_00_final_preview/frame.0050.tonemap.jpg
ai_010_006_cam_00_frame0050,ai_010_006,Bathroom,bathroom,scenes/ai_010_006/images/scene_cam_00_final_preview/frame.0050.tonemap.jpg
ai_032_001_cam_00_frame0050,ai_032_001,Bathroom,bathroom,scenes/ai_032_001/images/scene_cam_00_final_preview/frame.0050.tonemap.jpg
ai_039_005_cam_00_frame0050,ai_039_005,Bathroom,bathroom,scenes/ai_039_005/images/scene_cam_00_final_preview/frame.0050.tonemap.jpg
ai_015_009_cam_00_frame0050,ai_015_009,Bathroom,bathroom,scenes/ai_015_009/images/scene_cam_00_final_preview/frame.0050.tonemap.jpg
ai_003_001_cam_00_frame0050,ai_003_001,Bathroom,bathroom,scenes/ai_003_001/images/scene_cam_00_final_preview/frame.0050.tonemap.jpg
ai_039_003_cam_00_frame0050,ai_039_003,Bathroom,bathroom,scenes/ai_039_003/images/scene_cam_00_final_preview/frame.0050.tonemap.jpg
ai_039_010_cam_00_frame0050,ai_039_010,Bathroom,bathroom,scenes/ai_039_010/images/scene_cam_00_final_preview/frame.0050.tonemap.jpg
ai_004_007_cam_00_frame0050,ai_004_007,Bathroom,bathroom,scenes/ai_004_007/images/scene_cam_00_final_preview/frame.0050.tonemap.jpg
ai_039_004_cam_00_frame0050,ai_039_004,Bathroom,bathroom,scenes/ai_039_004/images/scene_cam_00_final_preview/frame.0050.tonemap.jpg
ai_022_004_cam_00_frame0051,ai_022_004,Bathroom,bathroom,scenes/ai_022_004/images/scene_cam_00_final_preview/frame.0051.tonemap.jpg
ai_022_003_cam_00_frame0050,ai_022_003,Bathroom,bathroom,scenes/ai_022_003/images/scene_cam_00_final_preview/frame.0050.tonemap.jpg
ai_039_002_cam_00_frame0050,ai_039_002,Bathroom,bathroom,scenes/ai_039_002/images/scene_cam_00_final_preview/frame.0050.tonemap.jpg
ai_039_008_cam_00_frame0050,ai_039_008,Bathroom,bathroom,scenes/ai_039_008/images/scene_cam_00_final_preview/frame.0050.tonemap.jpg
ai_001_007_cam_00_frame0050,ai_001_007,Bathroom,bathroom,scenes/ai_001_007/images/scene_cam_00_final_preview/frame.0050.tonemap.jpg
ai_010_009_cam_00_frame0050,ai_010_009,Bathroom,bathroom,scenes/ai_010_009/images/scene_cam_00_final_preview/frame.0050.tonemap.jpg
ai_039_007_cam_00_frame0050,ai_039_007,Bathroom,bathroom,scenes/ai_039_007/images/scene_cam_00_final_preview/frame.0050.tonemap.jpg
ai_039_006_cam_00_frame0099,ai_039_006,Bathroom,bathroom,scenes/ai_039_006/images/scene_cam_00_final_preview/frame.0099.tonemap.jpg
ai_011_009_cam_00_frame0099,ai_011_009,Bathroom,bathroom,scenes/ai_011_009/images/scene_cam_00_final_preview/frame.0099.tonemap.jpg
ai_016_007_cam_00_frame0099,ai_016_007,Bathroom,bathroom,scenes/ai_016_007/images/scene_cam_00_final_preview/frame.0099.tonemap.jpg
ai_001_001_cam_00_frame0099,ai_001_001,Bathroom,bathroom,scenes/ai_001_001/images/scene_cam_00_final_preview/frame.0099.tonemap.jpg
ai_007_010_cam_00_frame0099,ai_007_010,Bathroom,bathroom,scenes/ai_007_010/images/scene_cam_00_final_preview/frame.0099.tonemap.jpg
ai_007_005_cam_00_frame0099,ai_007_005,Bathroom,bathroom,scenes/ai_007_005/images/scene_cam_00_final_preview/frame.0099.tonemap.jpg
ai_026_018_cam_00_frame0000,ai_026_018,Hall,lobby_lounge,scenes/ai_026_018/images/scene_cam_00_final_preview/frame.0000.tonemap.jpg
ai_026_013_cam_00_frame0000,ai_026_013,Hall,lobby_lounge,scenes/ai_026_013/images/scene_cam_00_final_preview/frame.0000.tonemap.jpg
ai_032_004_cam_00_frame0000,ai_032_004,Hotel lobby,lobby_lounge,scenes/ai_032_004/images/scene_cam_00_final_preview/frame.0000.tonemap.jpg
ai_031_001_cam_00_frame0000,ai_031_001,Hotel lobby,lobby_lounge,scenes/ai_031_001/images/scene_cam_00_final_preview/frame.0000.tonemap.jpg
ai_016_004_cam_00_frame0000,ai_016_004,Hallway,lobby_lounge,scenes/ai_016_004/images/scene_cam_00_final_preview/frame.0000.tonemap.jpg
ai_024_005_cam_00_frame0000,ai_024_005,Hall,lobby_lounge,scenes/ai_024_005/images/scene_cam_00_final_preview/frame.0000.tonemap.jpg
ai_026_008_cam_00_frame0000,ai_026_008,Hall,lobby_lounge,scenes/ai_026_008/images/scene_cam_00_final_preview/frame.0000.tonemap.jpg
ai_024_009_cam_00_frame0000,ai_024_009,Hall,lobby_lounge,scenes/ai_024_009/images/scene_cam_00_final_preview/frame.0000.tonemap.jpg
ai_026_020_cam_00_frame0000,ai_026_020,Hallway,lobby_lounge,scenes/ai_026_020/images/scene_cam_00_final_preview/frame.0000.tonemap.jpg
ai_038_009_cam_00_frame0000,ai_038_009,Hotel lobby,lobby_lounge,scenes/ai_038_009/images/scene_cam_00_final_preview/frame.0000.tonemap.jpg
ai_047_008_cam_00_frame0078,ai_047_008,Hall,lobby_lounge,scenes/ai_047_008/images/scene_cam_00_final_preview/frame.0078.tonemap.jpg
ai_026_006_cam_00_frame0000,ai_026_006,Hall,lobby_lounge,scenes/ai_026_006/images/scene_cam_00_final_preview/frame.0000.tonemap.jpg
ai_026_019_cam_00_frame0000,ai_026_019,Hall,lobby_lounge,scenes/ai_026_019/images/scene_cam_00_final_preview/frame.0000.tonemap.jpg
ai_026_007_cam_00_frame0000,ai_026_007,Hall,lobby_lounge,scenes/ai_026_007/images/scene_cam_00_final_preview/frame.0000.tonemap.jpg
ai_044_004_cam_00_frame0000,ai_044_004,Hotel lobby,lobby_lounge,scenes/ai_044_004/images/scene_cam_00_final_preview/frame.0000.tonemap.jpg
ai_024_012_cam_00_frame0000,ai_024_012,Hall,lobby_lounge,scenes/ai_024_012/images/scene_cam_00_final_preview/frame.0000.tonemap.jpg
ai_023_009_cam_00_frame0000,ai_023_009,Hall,lobby_lounge,scenes/ai_023_009/images/scene_cam_00_final_preview/frame.0000.tonemap.jpg
ai_024_004_cam_00_frame0000,ai_024_004,Hall,lobby_lounge,scenes/ai_024_004/images/scene_cam_00_final_preview/frame.0000.tonemap.jpg
ai_026_004_cam_00_frame0000,ai_026_004,Hall,lobby_lounge,scenes/ai_026_004/images/scene_cam_00_final_preview/frame.0000.tonemap.jpg
ai_024_002_cam_00_frame0000,ai_024_002,Hall,lobby_lounge,scenes/ai_024_002/images/scene_cam_00_final_preview/frame.0000.tonemap.jpg
ai_026_012_cam_00_frame0000,ai_026_012,Hall,lobby_lounge,scenes/ai_026_012/images/scene_cam_00_final_preview/frame.0000.tonemap.jpg
ai_024_006_cam_00_frame0000,ai_024_006,Hall,lobby_lounge,scenes/ai_024_006/images/scene_cam_00_final_preview/frame.0000.tonemap.jpg
ai_044_007_cam_00_frame0000,ai_044_007,Hotel lobby,lobby_lounge,scenes/ai_044_007/images/scene_cam_00_final_preview/frame.0000.tonemap.jpg
ai_044_009_cam_00_frame0000,ai_044_009,Hotel lobby,lobby_lounge,scenes/ai_044_009/images/scene_cam_00_final_preview/frame.0000.tonemap.jpg
ai_038_005_cam_00_frame0015,ai_038_005,Hall,lobby_lounge,scenes/ai_038_005/images/scene_cam_00_final_preview/frame.0015.tonemap.jpg
ai_024_001_cam_00_frame0000,ai_024_001,Hall,lobby_lounge,scenes/ai_024_001/images/scene_cam_00_final_preview/frame.0000.tonemap.jpg
ai_024_017_cam_00_frame0000,ai_024_017,Hall,lobby_lounge,scenes/ai_024_017/images/scene_cam_00_final_preview/frame.0000.tonemap.jpg
ai_016_005_cam_00_frame0000,ai_016_005,Hallway,lobby_lounge,scenes/ai_016_005/images/scene_cam_00_final_preview/frame.0000.tonemap.jpg
ai_023_004_cam_00_frame0000,ai_023_004,Hall,lobby_lounge,scenes/ai_023_004/images/scene_cam_00_final_preview/frame.0000.tonemap.jpg
ai_024_019_cam_00_frame0000,ai_024_019,Hall,lobby_lounge,scenes/ai_024_019/images/scene_cam_00_final_preview/frame.0000.tonemap.jpg
ai_044_008_cam_00_frame0000,ai_044_008,Hotel lobby,lobby_lounge,scenes/ai_044_008/images/scene_cam_00_final_preview/frame.0000.tonemap.jpg
ai_031_004_cam_00_frame0000,ai_031_004,Hotel lobby,lobby_lounge,scenes/ai_031_004/images/scene_cam_00_final_preview/frame.0000.tonemap.jpg
ai_013_002_cam_00_frame0000,ai_013_002,Hallway,lobby_lounge,scenes/ai_013_002/images/scene_cam_00_final_preview/frame.0000.tonemap.jpg
ai_023_008_cam_00_frame0000,ai_023_008,Hall,lobby_lounge,scenes/ai_023_008/images/scene_cam_00_final_preview/frame.0000.tonemap.jpg
ai_044_001_cam_00_frame0000,ai_044_001,Hotel lobby,lobby_lounge,scenes/ai_044_001/images/scene_cam_00_final_preview/frame.0000.tonemap.jpg
ai_026_017_cam_00_frame0000,ai_026_017,Hall,lobby_lounge,scenes/ai_026_017/images/scene_cam_00_final_preview/frame.0000.tonemap.jpg
ai_026_002_cam_00_frame0000,ai_026_002,Hall,lobby_lounge,scenes/ai_026_002/images/scene_cam_00_final_preview/frame.0000.tonemap.jpg
ai_024_003_cam_00_frame0000,ai_024_003,Hall,lobby_lounge,scenes/ai_024_003/images/scene_cam_00_final_preview/frame.0000.tonemap.jpg
ai_026_009_cam_00_frame0000,ai_026_009,Hallway,lobby_lounge,scenes/ai_026_009/images/scene_cam_00_final_preview/frame.0000.tonemap.jpg
ai_044_005_cam_00_frame0000,ai_044_005,Hotel lobby,lobby_lounge,scenes/ai_044_005/images/scene_cam_00_final_preview/frame.0000.tonemap.jpg
ai_024_014_cam_00_frame0000,ai_024_014,Hall,lobby_lounge,scenes/ai_024_014/images/scene_cam_00_final_preview/frame.0000.tonemap.jpg
ai_044_006_cam_00_frame0000,ai_044_006,Hotel lobby,lobby_lounge,scenes/ai_044_006/images/scene_cam_00_final_preview/frame.0000.tonemap.jpg
ai_044_010_cam_00_frame0000,ai_044_010,Hotel lobby,lobby_lounge,scenes/ai_044_010/images/scene_cam_00_final_preview/frame.0000.tonemap.jpg
ai_024_011_cam_00_frame0000,ai_024_011,Hall,lobby_lounge,scenes/ai_024_011/images/scene_cam_00_final_preview/frame.0000.tonemap.jpg
ai_024_016_cam_00_frame0000,ai_024_016,Hall,lobby_lounge,scenes/ai_024_016/images/scene_cam_00_final_preview/frame.0000.tonemap.jpg
ai_026_003_cam_00_frame0000,ai_026_003,Hall,lobby_lounge,scenes/ai_026_003/images/scene_cam_00_final_preview/frame.0000.tonemap.jpg
ai_027_005_cam_00_frame0000,ai_027_005,Hotel lobby,lobby_lounge,scenes/ai_027_005/images/scene_cam_00_final_preview/frame.0000.tonemap.jpg
ai_031_008_cam_00_frame0000,ai_031_008,Hotel lobby,lobby_lounge,scenes/ai_031_008/images/scene_cam_00_final_preview/frame.0000.tonemap.jpg
ai_032_003_cam_00_frame0000,ai_032_003,Hotel lobby,lobby_lounge,scenes/ai_032_003/images/scene_cam_00_final_preview/frame.0000.tonemap.jpg
ai_044_002_cam_00_frame0000,ai_044_002,Hotel lobby,lobby_lounge,scenes/ai_044_002/images/scene_cam_00_final_preview/frame.0000.tonemap.jpg
ai_026_011_cam_00_frame0000,ai_026_011,Hall,lobby_lounge,scenes/ai_026_011/images/scene_cam_00_final_preview/frame.0000.tonemap.jpg
ai_026_018_cam_00_frame0050,ai_026_018,Hall,lobby_lounge,scenes/ai_026_018/images/scene_cam_00_final_preview/frame.0050.tonemap.jpg
ai_026_013_cam_00_frame0050,ai_026_013,Hall,lobby_lounge,scenes/ai_026_013/images/scene_cam_00_final_preview/frame.0050.tonemap.jpg
ai_032_004_cam_00_frame0050,ai_032_004,Hotel lobby,lobby_lounge,scenes/ai_032_004/images/scene_cam_00_final_preview/frame.0050.tonemap.jpg
ai_031_001_cam_00_frame0050,ai_031_001,Hotel lobby,lobby_lounge,scenes/ai_031_001/images/scene_cam_00_final_preview/frame.0050.tonemap.jpg
ai_016_004_cam_00_frame0050,ai_016_004,Hallway,lobby_lounge,scenes/ai_016_004/images/scene_cam_00_final_preview/frame.0050.tonemap.jpg
ai_024_005_cam_00_frame0050,ai_024_005,Hall,lobby_lounge,scenes/ai_024_005/images/scene_cam_00_final_preview/frame.0050.tonemap.jpg
ai_026_008_cam_00_frame0050,ai_026_008,Hall,lobby_lounge,scenes/ai_026_008/images/scene_cam_00_final_preview/frame.0050.tonemap.jpg
ai_024_009_cam_00_frame0050,ai_024_009,Hall,lobby_lounge,scenes/ai_024_009/images/scene_cam_00_final_preview/frame.0050.tonemap.jpg
ai_026_020_cam_00_frame0050,ai_026_020,Hallway,lobby_lounge,scenes/ai_026_020/images/scene_cam_00_final_preview/frame.0050.tonemap.jpg
